{
	"IcoMoonType": "selection",
	"icons": [
		{
			"icon": {
				"paths": [
					"M270.837 766.335h-110.464v-367.060h110.464v367.060z",
					"M110.31 335.109c-2.908 7.356-4.661 15.31-4.661 23.735 0 35.538 28.824 64.363 64.363 64.363h90.878c35.538 0 64.363-28.824 64.363-64.363 0-8.425-1.711-16.379-4.661-23.735h-210.28z",
					"M320.608 837.613c2.908-7.356 4.661-15.31 4.661-23.735 0-35.538-28.824-64.363-64.363-64.363h-90.878c-35.538 0-64.363 28.824-64.363 64.363 0 8.425 1.711 16.379 4.661 23.735h210.28z",
					"M575.715 766.335h-110.464v-367.060h110.464v367.060z",
					"M415.172 335.109c-2.908 7.356-4.661 15.31-4.661 23.735 0 35.538 28.824 64.363 64.363 64.363h90.878c35.538 0 64.363-28.824 64.363-64.363 0-8.425-1.711-16.379-4.661-23.735h-210.28z",
					"M625.469 837.613c2.908-7.356 4.661-15.31 4.661-23.735 0-35.538-28.824-64.363-64.363-64.363h-90.878c-35.538 0-64.363 28.824-64.363 64.363 0 8.425 1.711 16.379 4.661 23.735h210.28z",
					"M880.55 766.335h-110.464v-367.060h110.464v367.060z",
					"M720.033 335.109c-2.908 7.356-4.661 15.31-4.661 23.735 0 35.538 28.824 64.363 64.363 64.363h90.878c35.538 0 64.363-28.824 64.363-64.363 0-8.425-1.711-16.379-4.661-23.735h-210.28z",
					"M930.326 837.613c2.908-7.356 4.661-15.31 4.661-23.735 0-35.538-28.824-64.363-64.363-64.363h-90.878c-35.538 0-64.363 28.824-64.363 64.363 0 8.425 1.711 16.379 4.661 23.735h210.28z",
					"M215.459 423.199v326.347",
					"M517.823 423.199v326.347",
					"M824.467 423.199v326.347",
					"M947.992 901.775h-855.318v-64.149h855.318v64.149z",
					"M1024.599 330.833h-1008.549v-60.599l504.638-252.319 503.911 252.319v60.599z",
					"M579.136 183.295c0 37.035-29.851 67.057-66.672 67.057s-66.629-30.022-66.629-67.057c0-37.035 29.808-67.057 66.629-67.057s66.672 30.022 66.672 67.057z",
					"M1017.487 1007.963h-994.308v-110.464h994.308v110.464z",
					"M24.945 952.722h135.44",
					"M880.264 952.722h135.44"
				],
				"attrs": [
					{
						"fill": "rgb(255, 255, 255)",
						"strokeLinejoin": "miter",
						"strokeLinecap": "butt",
						"strokeMiterlimit": "10",
						"strokeWidth": 25.659552275101365
					},
					{
						"fill": "none",
						"strokeLinejoin": "miter",
						"strokeLinecap": "butt",
						"strokeMiterlimit": "10",
						"strokeWidth": 25.659552275101365
					},
					{
						"fill": "none",
						"strokeLinejoin": "miter",
						"strokeLinecap": "butt",
						"strokeMiterlimit": "10",
						"strokeWidth": 25.659552275101365
					},
					{
						"fill": "rgb(255, 255, 255)",
						"strokeLinejoin": "miter",
						"strokeLinecap": "butt",
						"strokeMiterlimit": "10",
						"strokeWidth": 25.659552275101365
					},
					{
						"fill": "none",
						"strokeLinejoin": "miter",
						"strokeLinecap": "butt",
						"strokeMiterlimit": "10",
						"strokeWidth": 25.659552275101365
					},
					{
						"fill": "none",
						"strokeLinejoin": "miter",
						"strokeLinecap": "butt",
						"strokeMiterlimit": "10",
						"strokeWidth": 25.659552275101365
					},
					{
						"fill": "rgb(255, 255, 255)",
						"strokeLinejoin": "miter",
						"strokeLinecap": "butt",
						"strokeMiterlimit": "10",
						"strokeWidth": 25.659552275101365
					},
					{
						"fill": "none",
						"strokeLinejoin": "miter",
						"strokeLinecap": "butt",
						"strokeMiterlimit": "10",
						"strokeWidth": 25.659552275101365
					},
					{
						"fill": "none",
						"strokeLinejoin": "miter",
						"strokeLinecap": "butt",
						"strokeMiterlimit": "10",
						"strokeWidth": 25.659552275101365
					},
					{
						"fill": "none",
						"strokeLinejoin": "miter",
						"strokeLinecap": "butt",
						"strokeMiterlimit": "10",
						"strokeWidth": 17.10636818340091
					},
					{
						"fill": "none",
						"strokeLinejoin": "miter",
						"strokeLinecap": "butt",
						"strokeMiterlimit": "10",
						"strokeWidth": 17.10636818340091
					},
					{
						"fill": "none",
						"strokeLinejoin": "miter",
						"strokeLinecap": "butt",
						"strokeMiterlimit": "10",
						"strokeWidth": 17.10636818340091
					},
					{
						"fill": "rgb(255, 255, 255)",
						"strokeLinejoin": "miter",
						"strokeLinecap": "butt",
						"strokeMiterlimit": "10",
						"strokeWidth": 25.659552275101365
					},
					{
						"fill": "none",
						"strokeLinejoin": "miter",
						"strokeLinecap": "butt",
						"strokeMiterlimit": "10",
						"strokeWidth": 25.659552275101365
					},
					{
						"fill": "none",
						"strokeLinejoin": "miter",
						"strokeLinecap": "butt",
						"strokeMiterlimit": "10",
						"strokeWidth": 25.659552275101365
					},
					{
						"fill": "rgb(255, 255, 255)",
						"strokeLinejoin": "miter",
						"strokeLinecap": "butt",
						"strokeMiterlimit": "10",
						"strokeWidth": 25.659552275101365
					},
					{
						"fill": "none",
						"strokeLinejoin": "miter",
						"strokeLinecap": "butt",
						"strokeMiterlimit": "10",
						"strokeWidth": 17.10636818340091
					},
					{
						"fill": "none",
						"strokeLinejoin": "miter",
						"strokeLinecap": "butt",
						"strokeMiterlimit": "10",
						"strokeWidth": 17.10636818340091
					}
				],
				"width": 1041,
				"isMulticolor": false,
				"isMulticolor2": false,
				"grid": 0,
				"tags": [
					"court"
				],
				"colorPermutations": {
					"255255255194001": [
						{
							"f": 1,
							"s": 0
						},
						{
							"s": 0
						},
						{
							"s": 0
						},
						{
							"f": 1,
							"s": 0
						},
						{
							"s": 0
						},
						{
							"s": 0
						},
						{
							"f": 1,
							"s": 0
						},
						{
							"s": 0
						},
						{
							"s": 0
						},
						{
							"s": 0
						},
						{
							"s": 0
						},
						{
							"s": 0
						},
						{
							"f": 1,
							"s": 0
						},
						{
							"s": 0
						},
						{
							"s": 0
						},
						{
							"f": 1,
							"s": 0
						},
						{
							"s": 0
						},
						{
							"s": 0
						}
					]
				}
			},
			"attrs": [
				{
					"fill": "rgb(255, 255, 255)",
					"strokeLinejoin": "miter",
					"strokeLinecap": "butt",
					"strokeMiterlimit": "10",
					"strokeWidth": 25.659552275101365
				},
				{
					"fill": "none",
					"strokeLinejoin": "miter",
					"strokeLinecap": "butt",
					"strokeMiterlimit": "10",
					"strokeWidth": 25.659552275101365
				},
				{
					"fill": "none",
					"strokeLinejoin": "miter",
					"strokeLinecap": "butt",
					"strokeMiterlimit": "10",
					"strokeWidth": 25.659552275101365
				},
				{
					"fill": "rgb(255, 255, 255)",
					"strokeLinejoin": "miter",
					"strokeLinecap": "butt",
					"strokeMiterlimit": "10",
					"strokeWidth": 25.659552275101365
				},
				{
					"fill": "none",
					"strokeLinejoin": "miter",
					"strokeLinecap": "butt",
					"strokeMiterlimit": "10",
					"strokeWidth": 25.659552275101365
				},
				{
					"fill": "none",
					"strokeLinejoin": "miter",
					"strokeLinecap": "butt",
					"strokeMiterlimit": "10",
					"strokeWidth": 25.659552275101365
				},
				{
					"fill": "rgb(255, 255, 255)",
					"strokeLinejoin": "miter",
					"strokeLinecap": "butt",
					"strokeMiterlimit": "10",
					"strokeWidth": 25.659552275101365
				},
				{
					"fill": "none",
					"strokeLinejoin": "miter",
					"strokeLinecap": "butt",
					"strokeMiterlimit": "10",
					"strokeWidth": 25.659552275101365
				},
				{
					"fill": "none",
					"strokeLinejoin": "miter",
					"strokeLinecap": "butt",
					"strokeMiterlimit": "10",
					"strokeWidth": 25.659552275101365
				},
				{
					"fill": "none",
					"strokeLinejoin": "miter",
					"strokeLinecap": "butt",
					"strokeMiterlimit": "10",
					"strokeWidth": 17.10636818340091
				},
				{
					"fill": "none",
					"strokeLinejoin": "miter",
					"strokeLinecap": "butt",
					"strokeMiterlimit": "10",
					"strokeWidth": 17.10636818340091
				},
				{
					"fill": "none",
					"strokeLinejoin": "miter",
					"strokeLinecap": "butt",
					"strokeMiterlimit": "10",
					"strokeWidth": 17.10636818340091
				},
				{
					"fill": "rgb(255, 255, 255)",
					"strokeLinejoin": "miter",
					"strokeLinecap": "butt",
					"strokeMiterlimit": "10",
					"strokeWidth": 25.659552275101365
				},
				{
					"fill": "none",
					"strokeLinejoin": "miter",
					"strokeLinecap": "butt",
					"strokeMiterlimit": "10",
					"strokeWidth": 25.659552275101365
				},
				{
					"fill": "none",
					"strokeLinejoin": "miter",
					"strokeLinecap": "butt",
					"strokeMiterlimit": "10",
					"strokeWidth": 25.659552275101365
				},
				{
					"fill": "rgb(255, 255, 255)",
					"strokeLinejoin": "miter",
					"strokeLinecap": "butt",
					"strokeMiterlimit": "10",
					"strokeWidth": 25.659552275101365
				},
				{
					"fill": "none",
					"strokeLinejoin": "miter",
					"strokeLinecap": "butt",
					"strokeMiterlimit": "10",
					"strokeWidth": 17.10636818340091
				},
				{
					"fill": "none",
					"strokeLinejoin": "miter",
					"strokeLinecap": "butt",
					"strokeMiterlimit": "10",
					"strokeWidth": 17.10636818340091
				}
			],
			"properties": {
				"order": 11,
				"id": 9,
				"prevSize": 32,
				"code": 59648,
				"name": "court"
			},
			"setIdx": 0,
			"setId": 0,
			"iconIdx": 0
		},
		{
			"icon": {
				"paths": [
					"M1000.439 920.183h-981.476v-884.859h981.476v884.859z",
					"M201.363 35.323v884.859",
					"M379.141 35.323v884.859",
					"M150.424 788.788c0 21.57-17.399 39.064-38.827 39.064s-38.779-17.493-38.779-39.064c0-21.57 17.351-39.064 38.779-39.064s38.827 17.493 38.827 39.064z",
					"M329.761 788.788c0 21.57-17.399 39.064-38.827 39.064s-38.779-17.493-38.779-39.064c0-21.57 17.351-39.064 38.779-39.064s38.827 17.493 38.827 39.064z",
					"M0 1003.62h1014.803",
					"M492.762 220.648h272.593",
					"M492.762 306.93h403.437",
					"M492.762 393.211h272.593",
					"M492.762 479.493h403.437"
				],
				"attrs": [
					{
						"fill": "none",
						"strokeLinejoin": "miter",
						"strokeLinecap": "butt",
						"strokeMiterlimit": "10",
						"strokeWidth": 26.168888888888887
					},
					{
						"fill": "none",
						"strokeLinejoin": "miter",
						"strokeLinecap": "butt",
						"strokeMiterlimit": "10",
						"strokeWidth": 28.444444444444443
					},
					{
						"fill": "none",
						"strokeLinejoin": "miter",
						"strokeLinecap": "butt",
						"strokeMiterlimit": "10",
						"strokeWidth": 28.444444444444443
					},
					{
						"fill": "none",
						"strokeLinejoin": "miter",
						"strokeLinecap": "butt",
						"strokeMiterlimit": "10",
						"strokeWidth": 28.444444444444443
					},
					{
						"fill": "none",
						"strokeLinejoin": "miter",
						"strokeLinecap": "butt",
						"strokeMiterlimit": "10",
						"strokeWidth": 28.444444444444443
					},
					{
						"fill": "none",
						"strokeLinejoin": "miter",
						"strokeLinecap": "butt",
						"strokeMiterlimit": "10",
						"strokeWidth": 28.444444444444443
					},
					{
						"fill": "none",
						"strokeLinejoin": "miter",
						"strokeLinecap": "butt",
						"strokeMiterlimit": "10",
						"strokeWidth": 28.444444444444443
					},
					{
						"fill": "none",
						"strokeLinejoin": "miter",
						"strokeLinecap": "butt",
						"strokeMiterlimit": "10",
						"strokeWidth": 28.444444444444443
					},
					{
						"fill": "none",
						"strokeLinejoin": "miter",
						"strokeLinecap": "butt",
						"strokeMiterlimit": "10",
						"strokeWidth": 28.444444444444443
					},
					{
						"fill": "none",
						"strokeLinejoin": "miter",
						"strokeLinecap": "butt",
						"strokeMiterlimit": "10",
						"strokeWidth": 28.444444444444443
					}
				],
				"isMulticolor": false,
				"isMulticolor2": false,
				"grid": 0,
				"tags": [
					"documents"
				],
				"colorPermutations": {
					"255255255194001": [
						{
							"s": 0
						},
						{
							"s": 0
						},
						{
							"s": 0
						},
						{
							"s": 0
						},
						{
							"s": 0
						},
						{
							"s": 0
						},
						{
							"s": 0
						},
						{
							"s": 0
						},
						{
							"s": 0
						},
						{
							"s": 0
						}
					]
				}
			},
			"attrs": [
				{
					"fill": "none",
					"strokeLinejoin": "miter",
					"strokeLinecap": "butt",
					"strokeMiterlimit": "10",
					"strokeWidth": 26.168888888888887
				},
				{
					"fill": "none",
					"strokeLinejoin": "miter",
					"strokeLinecap": "butt",
					"strokeMiterlimit": "10",
					"strokeWidth": 28.444444444444443
				},
				{
					"fill": "none",
					"strokeLinejoin": "miter",
					"strokeLinecap": "butt",
					"strokeMiterlimit": "10",
					"strokeWidth": 28.444444444444443
				},
				{
					"fill": "none",
					"strokeLinejoin": "miter",
					"strokeLinecap": "butt",
					"strokeMiterlimit": "10",
					"strokeWidth": 28.444444444444443
				},
				{
					"fill": "none",
					"strokeLinejoin": "miter",
					"strokeLinecap": "butt",
					"strokeMiterlimit": "10",
					"strokeWidth": 28.444444444444443
				},
				{
					"fill": "none",
					"strokeLinejoin": "miter",
					"strokeLinecap": "butt",
					"strokeMiterlimit": "10",
					"strokeWidth": 28.444444444444443
				},
				{
					"fill": "none",
					"strokeLinejoin": "miter",
					"strokeLinecap": "butt",
					"strokeMiterlimit": "10",
					"strokeWidth": 28.444444444444443
				},
				{
					"fill": "none",
					"strokeLinejoin": "miter",
					"strokeLinecap": "butt",
					"strokeMiterlimit": "10",
					"strokeWidth": 28.444444444444443
				},
				{
					"fill": "none",
					"strokeLinejoin": "miter",
					"strokeLinecap": "butt",
					"strokeMiterlimit": "10",
					"strokeWidth": 28.444444444444443
				},
				{
					"fill": "none",
					"strokeLinejoin": "miter",
					"strokeLinecap": "butt",
					"strokeMiterlimit": "10",
					"strokeWidth": 28.444444444444443
				}
			],
			"properties": {
				"order": 10,
				"id": 8,
				"prevSize": 32,
				"code": 59649,
				"name": "documents"
			},
			"setIdx": 0,
			"setId": 0,
			"iconIdx": 1
		},
		{
			"icon": {
				"paths": [
					"M730.255 392.654h-138.085v-90.564c0-34.011 22.542-41.94 38.418-41.94 15.841 0 97.446 0 97.446 0v-149.519l-134.202-0.524c-148.977 0-182.88 111.516-182.88 182.88v99.667h-86.157v154.071h86.157c0 197.727 0 435.967 0 435.967h181.218c0 0 0-240.588 0-435.967h122.281l15.804-154.071z"
				],
				"attrs": [
					{}
				],
				"isMulticolor": false,
				"isMulticolor2": false,
				"grid": 0,
				"tags": [
					"fb"
				],
				"colorPermutations": {
					"255255255194001": [
						{}
					]
				}
			},
			"attrs": [
				{}
			],
			"properties": {
				"order": 9,
				"id": 7,
				"prevSize": 32,
				"code": 59650,
				"name": "fb"
			},
			"setIdx": 0,
			"setId": 0,
			"iconIdx": 2
		},
		{
			"icon": {
				"paths": [
					"M780.218 329.891c-117.702 0-170.473 64.524-200.204 110.196v2.036h-1.396c0.465-0.465 1.164-1.338 1.396-2.036v-94.545h-222.080c2.967 62.487 0 667.985 0 667.985h222.080v-373.236c0-19.956 1.571-39.738 7.505-54.051 15.884-39.796 52.48-81.396 113.862-81.396 80.465 0 112.465 61.382 112.465 151.156v357.527h222.080v-383.011c0-205.44-109.556-300.625-255.709-300.625zM12.975 1013.527h222.255v-668.218h-222.255v668.218zM249.775 138.705c0 64.116-48.175 115.491-125.673 115.491h-1.396c-74.531 0-122.705-51.375-122.705-115.491 0-65.455 49.745-115.433 125.673-115.433s122.764 49.978 124.102 115.433z"
				],
				"attrs": [
					{}
				],
				"isMulticolor": false,
				"isMulticolor2": false,
				"grid": 0,
				"tags": [
					"linkedin"
				],
				"colorPermutations": {
					"255255255194001": [
						{}
					]
				}
			},
			"attrs": [
				{}
			],
			"properties": {
				"order": 8,
				"id": 6,
				"prevSize": 32,
				"code": 59651,
				"name": "linkedin"
			},
			"setIdx": 0,
			"setId": 0,
			"iconIdx": 3
		},
		{
			"icon": {
				"paths": [
					"M334.269 407.042c-10.367 37.118-24.085 61.818-39.674 71.436-11.164 6.884-23.423 11.003-35.808 12.091 26.357-8.486 45.481-33.208 45.481-62.319 0-36.095-29.404-65.462-65.547-65.462-7.319 0-14.364 1.219-20.947 3.444 14.382-7.563 40.974-11.538 77.61-11.538 21.522 0 40.83 1.415 49.409 2.151-1.269 8.752-4.529 28.732-10.523 50.197zM309.761 509.844c-25.289 8.486-84.737 33.595-110.457 88.338-24.587 52.348-16.587 107.966-13.17 131.717 0.493 3.414 0.998 6.923 1.085 8.538-0.113 0.235-0.196 0.483-0.266 0.736-4.263 2.12-7.472 3.575-9.264 4.358-2.127-0.832-6.238-2.504-11.709-5.055 0.078-1.594 0.589-5.133 1.085-8.577 3.418-23.755 11.417-79.373-13.17-131.717-25.358-53.972-83.508-79.143-109.372-87.973v-36.817c4.215 4.964 8.836 9.291 13.911 12.744 14.246 9.692 30.476 14.812 46.924 14.812 18.065 0 34.945-6.2 48.358-17.399 1.382-0.631 2.616-1.215 3.644-1.715l16.736 22.236c0.863 1.149 2.215 1.824 3.653 1.824s2.79-0.675 3.657-1.824l16.736-22.236c2.472 1.202 6.081 2.878 10.319 4.585 12.503 8.769 27.612 13.589 43.729 13.589v0c16.295 0 32.621-4.759 47.212-13.759 3.579-2.212 7.032-5.029 10.358-8.429v32.024zM291.753 648.454c-12.023 19.114-28.467 37.127-48.437 53.911-7.062 5.935-14.142 11.229-20.925 15.892-28.183-75.964 14.129-163.201 95.601-197.341-0.166 23.829-2.995 85.404-26.239 127.537zM195.899 733.696c-0.187-1.459-0.432-3.139-0.711-5.094-3.3-22.941-11.029-76.67 12.394-126.536 14.569-31.014 41.44-52.148 65.652-65.798-58.681 44.724-84.589 120.249-58.655 187.183-3.841 2.464-7.529 4.707-11.003 6.731-2.991 1.463-5.589 2.63-7.677 3.514zM67.312 658.028c-28.663-41.764-31.924-111.41-32.102-137.112 81.611 34.201 123.928 121.677 95.448 197.737-6.23-4.136-12.686-8.804-19.124-14.020-12.346-10.005-23.475-20.607-33.114-31.784-3.771-4.633-7.494-9.557-11.108-14.821zM158.012 728.598c-0.279 1.955-0.523 3.64-0.715 5.099-1.953-0.827-4.346-1.898-7.101-3.231-3.688-2.029-7.598-4.284-11.666-6.784 26.086-66.986 0.183-142.637-58.568-187.418 24.212 13.65 51.083 34.788 65.652 65.802 23.427 49.866 15.698 103.59 12.398 126.532zM62.625 354.694c41.065 0 69.523 4.99 82.296 14.434 0.026 0.022 0.052 0.039 0.074 0.061-8.553-4.097-18.117-6.4-28.214-6.4-36.139 0-65.547 29.368-65.547 65.462 0 30.426 20.89 56.066 49.095 63.377-12.878-0.927-25.485-5.382-36.745-13.040-36.091-24.543-47.992-102.093-50.464-121.733 8.531-0.736 27.904-2.16 49.505-2.16zM166.543 469.866c5.894-8.064 9.987-16.907 12.389-26.037 2.433 9.152 6.578 18.004 12.551 26.063 0.711 0.954 1.452 1.877 2.197 2.791-0.192 0.179-0.375 0.379-0.541 0.601l-15.389 20.442-14.669-19.493c1.194-1.411 2.358-2.856 3.461-4.367zM116.781 484.582c-31.1 0-56.397-25.271-56.397-56.332s25.297-56.328 56.397-56.328c27.172 0 49.949 19.336 55.237 44.955 1.683 16.327-2.433 33.334-12.86 47.602-3.069 4.197-6.548 7.955-10.353 11.251-8.291 3.71-21.653 8.852-32.024 8.852zM238.721 484.582c-8.2 0-18.27-3.218-26.226-6.396-5.105-3.788-9.695-8.381-13.662-13.733-14.081-18.996-16.766-42.961-9.298-63.695 9.673-17.19 28.105-28.837 49.187-28.837 31.1 0 56.401 25.266 56.401 56.328s-25.302 56.332-56.401 56.332zM44.525 288.861l48.681 27.252c1.495 0.836 3.326 0.771 4.756-0.174 13.636-9.004 32.617-19.284 53.485-23.982v32.825c0 2.521 2.049 4.567 4.573 4.567 2.528 0 4.573-2.046 4.573-4.567v-34.466c3.954-0.544 7.951-0.866 11.979-0.919v48.099c0 2.521 2.045 4.567 4.573 4.567 2.524 0 4.573-2.046 4.573-4.567v-48.099c4.024 0.052 8.021 0.374 11.971 0.919v34.466c0 2.521 2.049 4.567 4.573 4.567 2.528 0 4.573-2.046 4.573-4.567v-32.825c20.873 4.698 39.853 14.978 53.485 23.982 1.43 0.945 3.265 1.010 4.76 0.174l48.681-27.252v56.894c-4.612-0.122-9.438-0.196-14.377-0.196-43.65 0-73.172 5.46-87.741 16.227-12.481 9.23-21.361 21.526-26.409 35.085-0.998 1.816-1.914 3.679-2.738 5.591-4.512-15.788-14.011-30.234-28.131-40.675-14.569-10.767-44.086-16.227-87.741-16.227-6.286 0-12.389 0.118-18.1 0.305v-57.003zM353.538 349.883c-0.767-0.958-1.883-1.563-3.099-1.689-0.179-0.022-13.283-1.367-31.531-2.125v-65.001c0-1.624-0.863-3.122-2.263-3.945-1.399-0.814-3.13-0.832-4.547-0.039l-53.075 29.707c-19.408-12.465-48.057-26.559-78.394-26.559h-6.971c-30.337 0-58.986 14.094-78.394 26.559l-53.075-29.707c-1.417-0.792-3.147-0.775-4.547 0.039-1.404 0.823-2.263 2.321-2.263 3.945v65.166c-16.278 0.775-27.638 1.942-27.808 1.959-2.494 0.257-4.316 2.477-4.080 4.968 0.314 3.331 6.596 66.638 31.889 107.552v46.61c-1.936-0.557-3.174-0.871-3.549-0.962-1.338-0.331-2.742-0.044-3.841 0.779s-1.77 2.094-1.822 3.466c-0.166 3.993-3.601 98.383 33.598 152.586 29.038 42.308 64.675 64.605 84.776 74.636 17.843 9.927 30.842 14.616 31.719 14.926 0.493 0.179 1.011 0.266 1.53 0.266 0.584 0 1.164-0.113 1.713-0.331 0.833-0.335 12.764-5.22 29.386-14.978 20.145-10.088 55.617-32.372 84.545-74.519 4.791-6.984 8.902-14.634 12.442-22.671 9.124-18.034 14.665-36.922 16.034-56.367 6.43-38.010 5.223-71.214 5.122-73.548-0.052-1.372-0.724-2.643-1.822-3.466s-2.507-1.106-3.841-0.779c-0.296 0.074-1.151 0.287-2.463 0.653v-40.514c9.316-13.706 17.42-32.794 24.203-57.116 8.169-29.281 11.269-55.035 11.395-56.114 0.144-1.215-0.205-2.434-0.968-3.387z",
					"M116.618 442.474c-8.1 0-14.665-6.557-14.665-14.642 0-8.090 6.565-14.647 14.665-14.647 8.095 0 14.66 6.557 14.66 14.647 0 8.085-6.565 14.642-14.66 14.642zM116.618 388.21c-21.906 0-39.666 17.738-39.666 39.621 0 21.879 17.76 39.613 39.666 39.613s39.666-17.734 39.666-39.613c0-21.883-17.76-39.621-39.666-39.621z",
					"M237.93 442.474c-8.1 0-14.665-6.557-14.665-14.642 0-8.090 6.565-14.647 14.665-14.647 8.095 0 14.66 6.557 14.66 14.647 0 8.085-6.565 14.642-14.66 14.642zM237.93 388.21c-21.906 0-39.666 17.738-39.666 39.621 0 21.879 17.76 39.613 39.666 39.613s39.666-17.734 39.666-39.613c0-21.883-17.76-39.621-39.666-39.621z",
					"M486.209 465.736c17.359 0 29.508-2.482 36.457-7.45 6.94-4.964 10.414-13.358 10.414-25.179 0-11.347-3.274-20.133-9.822-26.363-6.552-6.222-17.285-9.339-32.198-9.339-4.97 0-9.469 0.396-13.492 1.184-0.632 6.779-0.946 22.737-0.946 47.877v19.271h9.586zM449.516 392.323h-13.728c-0.95-2.678-1.421-5.159-1.421-7.445 0-1.659 0.414-2.856 1.242-3.609 0.828-0.749 2.188-1.119 4.080-1.119h47.347c29.591 0 49.496 3.623 59.714 10.872 10.218 7.254 15.327 19.114 15.327 35.585 0 17.103-6.116 30.378-18.349 39.839-12.228 9.457-32.586 14.185-61.070 14.185h-6.038c0.157 24.274 0.471 40.51 0.946 48.704h18.109c0.946 2.364 1.421 4.65 1.421 6.858 0 1.968-0.397 3.348-1.186 4.136s-2.171 1.18-4.141 1.18h-56.815c-1.024-2.678-1.534-5.159-1.534-7.445 0-1.655 0.414-2.856 1.242-3.605s2.188-1.123 4.080-1.123h10.772c0.632-10.955 0.946-39.051 0.946-84.289 0-24.191-0.314-41.768-0.946-52.723z",
					"M578.164 430.388c0-2.129 0.828-3.488 2.489-4.080 1.652-0.592 12.11-1.202 31.361-1.833 0.475 3.627 0.475 8.473 0 14.542 8.758-5.908 17.185-10.005 25.271-12.296 8.087-2.286 15.445-3.427 22.076-3.427 2.206 0 3.688 0.257 4.438 0.766 0.75 0.514 1.125 1.637 1.125 3.37 0 3.392-0.536 7.014-1.6 10.876s-2.345 6.305-3.845 7.328c-1.5 1.028-3.989 1.816-7.459 2.364-3.47 0.553-5.502 0.675-6.094 0.357-0.593-0.313-2.389-2.482-5.384-6.505-7.023 0-12.708 2.229-17.045 6.683s-6.513 13.415-6.513 26.89c0.078 24.2 0.397 42.164 0.95 53.907h16.692c0.946 2.051 1.417 4.254 1.417 6.622 0 2.129-0.436 3.583-1.299 4.371-0.872 0.792-2.528 1.184-4.974 1.184h-50.063c-1.033-2.521-1.543-4.885-1.543-7.093 0-1.733 0.436-3.017 1.303-3.845s2.289-1.241 4.259-1.241h8.165c0.632-11.743 0.95-27.108 0.95-46.1 0-23.25-0.911-36.726-2.72-40.431-1.818-3.705-5.292-5.556-10.414-5.556-1.033-2.207-1.543-4.493-1.543-6.858z",
					"M745.44 492.097c-6.788-1.18-13.81-1.772-21.069-1.772-8.993 0-15.288 1.498-18.876 4.489-3.592 3-5.388 7.728-5.388 14.185 0 6.309 1.6 11.055 4.791 14.246 3.2 3.191 8.148 4.789 14.857 4.789 5.209 0 10.061-1.028 14.56-3.074 4.499-2.051 7.476-4.907 8.932-8.573 1.46-3.662 2.193-9.435 2.193-17.316v-6.975zM747.807 532.054c-6.626 3.862-13.431 6.797-20.415 8.804-6.988 2.012-13.832 3.017-20.537 3.017-10.654 0-18.584-2.499-23.793-7.506-5.205-5.007-7.808-12.431-7.808-22.284 0-12.056 4.298-21.278 12.899-27.661s21.897-9.579 39.888-9.579h17.398c-0.475-13.867-2.467-23.525-5.977-28.963-3.514-5.438-9.726-8.155-18.641-8.155-4.739 0-9.277 0.475-13.614 1.419-2.289 4.572-3.649 7.014-4.080 7.328-0.436 0.318-2.703 1.006-6.809 2.068-4.102 1.067-6.966 0.871-8.579-0.588-1.617-1.459-3.278-4.119-4.97-7.981-1.7-3.862-2.546-6.975-2.546-9.339 0-1.576 0.65-2.795 1.949-3.666 1.303-0.866 6.609-1.929 15.925-3.191 9.307-1.258 19.212-1.89 29.709-1.89 13.963 0 24.282 2.403 30.947 7.21 6.67 4.807 10.005 13.637 10.005 26.481v36.408c0 16.867 0.728 27.152 2.188 30.857s3.884 5.199 7.28 4.489c0.946 1.737 1.417 3.431 1.417 5.085 0 2.678-1.674 4.728-5.026 6.148-3.357 1.419-7.873 2.125-13.553 2.125-2.764 0-4.874-0.335-6.33-1.001-1.465-0.671-3.771-3.879-6.927-9.635z",
					"M873.371 439.017h-6.395c-0.946-2.286-1.417-4.611-1.417-6.975s0.453-4.019 1.36-4.964c0.907-0.945 2.389-1.419 4.442-1.419h31.008c1.024 2.207 1.539 4.572 1.539 7.093 0 2.447-0.514 4.101-1.539 4.968s-2.803 1.297-5.327 1.297h-1.892c-2.921 7.963-8.976 25.615-18.17 52.962s-15.149 42.835-17.873 46.457c-2.72 3.627-6.962 5.438-12.725 5.438-9.39 0-14.421-0.435-15.088-1.302-0.671-0.866-5.327-14.817-13.967-41.846s-13.911-43.048-15.803-48.055c-1.892-5.003-3.47-8.569-4.734-10.698s-2.685-3.448-4.259-3.962c-1.578-0.509-3.749-0.766-6.513-0.766-1.024-2.521-1.539-4.885-1.539-7.093 0-2.364 1.247-3.901 3.732-4.611s9.329-1.062 20.533-1.062c4.896 0 8.287 0.392 10.179 1.18 1.896 0.788 3.335 2.168 4.32 4.141 0.99 1.968 2.171 6.596 3.553 13.889 1.378 7.289 5.366 22.323 11.953 45.099s10.258 34.161 11.007 34.161c0.75 0 4.617-11.917 11.6-35.759 6.984-23.838 10.99-39.896 12.014-48.173z",
					"M965.065 528.034c8.998 0 15.506-3.387 19.53-10.167 4.024-6.775 6.038-17.216 6.038-31.327 0-16.232-2.071-28.292-6.216-36.173-4.137-7.881-11.265-11.821-21.361-11.821-8.998 0-15.506 3.387-19.53 10.167-4.028 6.779-6.038 17.259-6.038 31.445 0 16.158 2.075 28.175 6.212 36.055 4.146 7.881 11.265 11.821 21.365 11.821zM960.571 543.873c-17.124 0-29.709-4.528-37.761-13.593-8.047-9.061-12.071-22.737-12.071-41.019 0-21.043 4.874-37.396 14.617-49.061s23.811-17.494 42.199-17.494c17.124 0 29.705 4.533 37.752 13.593 8.052 9.065 12.075 22.776 12.075 41.141 0 20.965-4.869 37.275-14.617 48.939s-23.811 17.494-42.194 17.494z",
					"M463.727 623.134c-3.060-0.531-6.23-0.801-9.499-0.801-4.059 0-6.896 0.679-8.518 2.029-1.617 1.35-2.428 3.483-2.428 6.396 0 2.843 0.724 4.985 2.167 6.422 1.439 1.441 3.671 2.16 6.696 2.16 2.35 0 4.538-0.462 6.565-1.385s3.37-2.212 4.032-3.866c0.654-1.65 0.985-4.254 0.985-7.811v-3.144zM464.795 641.155c-2.991 1.742-6.059 3.061-9.207 3.971-3.152 0.906-6.238 1.358-9.264 1.358-4.804 0-8.379-1.128-10.728-3.383-2.345-2.26-3.522-5.608-3.522-10.053 0-5.434 1.94-9.596 5.82-12.474 3.875-2.878 9.874-4.319 17.987-4.319h7.847c-0.214-6.252-1.112-10.606-2.694-13.058-1.587-2.456-4.39-3.679-8.409-3.679-2.136 0-4.181 0.213-6.138 0.64-1.033 2.059-1.648 3.161-1.84 3.305-0.196 0.144-1.221 0.453-3.069 0.932-1.853 0.479-3.143 0.392-3.871-0.266s-1.478-1.855-2.241-3.601c-0.767-1.737-1.151-3.144-1.151-4.21 0-0.71 0.296-1.263 0.885-1.65 0.584-0.392 2.977-0.871 7.175-1.441s8.666-0.853 13.401-0.853c6.295 0 10.946 1.084 13.954 3.252s4.512 6.148 4.512 11.943v16.419c0 7.606 0.327 12.243 0.99 13.915 0.658 1.668 1.748 2.342 3.283 2.025 0.427 0.784 0.641 1.546 0.641 2.29 0 1.21-0.759 2.133-2.271 2.773s-3.549 0.962-6.112 0.962c-1.247 0-2.197-0.152-2.855-0.457-0.658-0.3-1.7-1.746-3.121-4.341z",
					"M508.16 597.917c-3.383 0-5.889 0.954-7.524 2.852-1.639 1.903-2.459 5.342-2.459 10.315 0 4.267 0.793 7.376 2.376 9.331s4.067 2.93 7.446 2.93c3.596 0 6.247-0.88 7.956-2.634 1.709-1.763 2.559-5.077 2.559-9.945 0-4.302-0.863-7.519-2.589-9.648-1.726-2.133-4.311-3.2-7.764-3.2zM499.511 647.017c-1.242 1.245-2.197 2.647-2.855 4.21s-0.985 3.148-0.985 4.746c0 2.416 0.728 4.158 2.188 5.225 1.456 1.067 4.377 1.598 8.754 1.598 6.404 0 11.234-0.762 14.49-2.29s4.887-3.749 4.887-6.666c0-2.556-1.194-4.337-3.579-5.329-2.385-0.997-10.018-1.493-22.9-1.493zM526.308 597.97c1.992 3.557 2.991 7.341 2.991 11.355 0 6.009-1.931 10.859-5.794 14.555s-9.935 5.543-18.226 5.543c-3.736 0-6.16 0.401-7.258 1.202-1.107 0.797-1.657 1.964-1.657 3.492 0 1.85 0.745 3.183 2.241 3.997 1.495 0.819 6.958 1.228 16.387 1.228 9.29 0 15.31 0.949 18.070 2.852 2.755 1.903 4.137 4.72 4.137 8.451 0 5.612-2.929 10.058-8.78 13.328-5.855 3.265-14.922 4.903-27.198 4.903-5.977 0-9.979-0.81-12.010-2.425-2.027-1.62-3.043-3.884-3.043-6.797 0-2.168 0.571-4.38 1.709-6.635 1.138-2.26 2.725-4.437 4.752-6.531-1.744-0.714-3.143-1.768-4.189-3.174-1.051-1.402-1.574-3.135-1.574-5.199 0-2.133 0.676-4.093 2.027-5.891 1.351-1.794 3.413-3.366 6.19-4.715-2.276-0.923-4.12-2.578-5.523-4.959-1.408-2.382-2.11-5.49-2.11-9.331 0-6.252 1.922-11.381 5.767-15.378 3.841-4.001 9.621-6 17.346-6 4.272 0 8.2 0.692 11.796 2.081 4.625-2.099 7.385-3.148 8.274-3.148 4.307 0 6.652 0.118 7.045 0.348s0.589 0.614 0.589 1.145c0 0.927-0.418 2.251-1.255 3.971-0.837 1.724-1.622 2.586-2.35 2.586s-3.086-0.797-7.071-2.399l-1.282 1.546z",
					"M563.12 598.984c-3.562 0-6.264 1.271-8.113 3.814-1.853 2.538-2.868 6.509-3.043 11.913h5.497c5.837 0 9.813-0.113 11.927-0.348 2.119-0.231 3.344-0.61 3.684-1.145 0.34-0.531 0.51-1.528 0.51-2.987 0-3.518-0.889-6.27-2.668-8.26-1.783-1.99-4.377-2.987-7.795-2.987zM565.147 591.839c6.622 0 11.53 1.563 14.735 4.694 3.2 3.126 4.804 8.281 4.804 15.461 0 3.161-0.571 5.364-1.709 6.609-1.142 1.245-3.631 1.864-7.472 1.864h-23.597c0.074 5.795 1.238 10.345 3.501 13.65 2.258 3.305 6.251 4.959 11.979 4.959 5.34 0 10.301-1.389 14.892-4.158 1.534 1.528 2.297 3.144 2.297 4.85 0 2.382-1.966 4.054-5.898 5.011s-8.374 1.437-13.318 1.437c-9.111 0-15.65-1.924-19.617-5.782s-5.951-10.349-5.951-19.484c0-8.991 2.232-16.092 6.7-21.3 4.464-5.207 10.685-7.811 18.654-7.811z",
					"M607.712 598.93c3.522-2.347 7.001-4.067 10.436-5.173 3.435-1.102 6.5-1.65 9.207-1.65 4.734 0 8.3 1.093 10.702 3.279s3.601 6.352 3.601 12.5c0 19.123 0.275 29.25 0.828 30.387 0.554 1.141 1.822 1.689 3.819 1.655 0.392 1.032 0.584 2.064 0.584 3.091 0 0.958-0.301 1.598-0.902 1.92-0.61 0.318-1.731 0.479-3.365 0.479-4.948 0-7.969-0.061-9.076-0.187-1.103-0.122-1.848-0.496-2.241-1.119s-0.584-1.659-0.584-3.117v-22.98c0-7.319-0.776-12.187-2.324-14.603s-4.050-3.627-7.498-3.627c-2.956 0-5.51 0.836-7.664 2.504-2.154 1.672-3.226 4.676-3.226 9.013v11.246c0 6.292 0.122 12.087 0.371 17.381h5.929c0.427 0.923 0.641 1.92 0.641 2.987 0 0.958-0.201 1.615-0.589 1.972-0.392 0.353-1.138 0.531-2.245 0.531h-20.973c-0.466-1.136-0.697-2.203-0.697-3.2 0-0.779 0.196-1.358 0.589-1.733 0.392-0.37 1.033-0.557 1.922-0.557h3.684c0.283-5.651 0.423-12.583 0.423-20.79 0-10.484-0.405-16.563-1.225-18.235-0.82-1.668-2.385-2.504-4.695-2.504-0.466-0.997-0.697-2.029-0.697-3.096 0-0.958 0.375-1.572 1.125-1.837 0.745-0.266 5.458-0.54 14.142-0.827 0.214 1.637 0.214 3.731 0 6.292z",
					"M677.094 646.484c-8.754 0-14.983-1.842-18.684-5.517-3.697-3.679-5.549-9.962-5.549-18.848 0-9.844 2.332-17.351 6.997-22.523 4.66-5.173 11.757-7.754 21.295-7.754 4.66 0 8.043 0.435 10.14 1.302 2.097 0.875 3.165 2.181 3.204 3.919 0 2.133-0.75 4.162-2.245 6.078-5.336-2.769-9.891-4.158-13.662-4.158-4.948 0-8.462 1.576-10.541 4.72-2.084 3.144-3.126 8.077-3.126 14.795 0 6.892 1.016 12.091 3.047 15.592 2.027 3.501 5.728 5.251 11.099 5.251 4.093 0 8.845-1.367 14.251-4.106 1.177 1.637 1.766 3.309 1.766 5.011 0 2.029-1.844 3.575-5.528 4.641s-7.838 1.598-12.463 1.598z",
					"M749.092 599.197c-1.709 5.225-5.135 16.206-10.275 32.947-5.144 16.741-8.95 26.62-11.426 29.642-2.472 3.017-5.262 4.959-8.379 5.808-3.113 0.853-6.661 1.28-10.646 1.28-3.88 0-6.4-0.283-7.555-0.853s-1.735-1.615-1.735-3.144c0-1.885 0.606-3.592 1.818-5.116 6.687 1.345 11.618 1.855 14.783 1.515 3.165-0.335 6.317-5.408 9.451-15.217-2.956-0.109-4.56-0.253-4.804-0.427-0.253-0.179-2.123-6.165-5.606-17.969-3.487-11.795-5.667-19.005-6.539-21.618-0.876-2.608-1.565-4.424-2.084-5.438-0.514-1.010-1.164-1.633-1.949-1.864s-1.796-0.348-3.038-0.348c-0.466-1.171-0.697-2.255-0.697-3.252 0-1.206 0.606-1.924 1.813-2.155 1.212-0.235 3.666-0.348 7.367-0.348 2.847 0 4.769 0.17 5.767 0.505 0.994 0.34 1.687 0.962 2.079 1.868s0.985 3.422 1.792 7.541c0.798 4.123 2.485 10.994 5.066 20.607s4.032 14.42 4.355 14.42c0.318 0 1.936-5.534 4.856-16.606 2.916-11.072 4.59-18.33 5.018-21.779h-2.886c-0.427-1.028-0.636-2.081-0.636-3.144 0-1.067 0.201-1.816 0.61-2.242s1.077-0.64 2.005-0.64h15.053c0.458 0.997 0.689 2.064 0.689 3.2 0 1.102-0.231 1.85-0.689 2.238-0.466 0.392-1.269 0.588-2.406 0.588h-1.173z"
				],
				"attrs": [
					{
						"fill": "rgb(94, 0, 0)"
					},
					{
						"fill": "rgb(94, 0, 0)"
					},
					{
						"fill": "rgb(94, 0, 0)"
					},
					{
						"fill": "rgb(94, 0, 0)"
					},
					{
						"fill": "rgb(94, 0, 0)"
					},
					{
						"fill": "rgb(94, 0, 0)"
					},
					{
						"fill": "rgb(94, 0, 0)"
					},
					{
						"fill": "rgb(94, 0, 0)"
					},
					{
						"fill": "rgb(94, 0, 0)"
					},
					{
						"fill": "rgb(94, 0, 0)"
					},
					{
						"fill": "rgb(94, 0, 0)"
					},
					{
						"fill": "rgb(94, 0, 0)"
					},
					{
						"fill": "rgb(94, 0, 0)"
					},
					{
						"fill": "rgb(94, 0, 0)"
					}
				],
				"isMulticolor": false,
				"isMulticolor2": false,
				"grid": 0,
				"tags": [
					"logo"
				],
				"colorPermutations": {
					"255255255194001": [
						{
							"f": 0
						},
						{
							"f": 0
						},
						{
							"f": 0
						},
						{
							"f": 0
						},
						{
							"f": 0
						},
						{
							"f": 0
						},
						{
							"f": 0
						},
						{
							"f": 0
						},
						{
							"f": 0
						},
						{
							"f": 0
						},
						{
							"f": 0
						},
						{
							"f": 0
						},
						{
							"f": 0
						},
						{
							"f": 0
						}
					]
				}
			},
			"attrs": [
				{
					"fill": "rgb(94, 0, 0)"
				},
				{
					"fill": "rgb(94, 0, 0)"
				},
				{
					"fill": "rgb(94, 0, 0)"
				},
				{
					"fill": "rgb(94, 0, 0)"
				},
				{
					"fill": "rgb(94, 0, 0)"
				},
				{
					"fill": "rgb(94, 0, 0)"
				},
				{
					"fill": "rgb(94, 0, 0)"
				},
				{
					"fill": "rgb(94, 0, 0)"
				},
				{
					"fill": "rgb(94, 0, 0)"
				},
				{
					"fill": "rgb(94, 0, 0)"
				},
				{
					"fill": "rgb(94, 0, 0)"
				},
				{
					"fill": "rgb(94, 0, 0)"
				},
				{
					"fill": "rgb(94, 0, 0)"
				},
				{
					"fill": "rgb(94, 0, 0)"
				}
			],
			"properties": {
				"order": 6,
				"id": 5,
				"prevSize": 32,
				"code": 59652,
				"name": "logo"
			},
			"setIdx": 0,
			"setId": 0,
			"iconIdx": 4
		},
		{
			"icon": {
				"paths": [
					"M467.071 255.16c-166.389 0-301.74 135.35-301.74 301.74s135.35 301.781 301.74 301.781c166.389 0 301.74-135.391 301.74-301.781s-135.35-301.74-301.74-301.74zM467.071 889.433c-183.365 0-332.492-149.168-332.492-332.533 0-183.324 149.127-332.492 332.492-332.492s332.492 149.168 332.492 332.492c0 183.365-149.127 332.533-332.492 332.533z",
					"M467.071 381.392c-96.767 0-175.533 78.725-175.533 175.533 0 96.767 78.766 175.533 175.533 175.533s175.533-78.766 175.533-175.533c0-96.808-78.766-175.533-175.533-175.533zM467.071 763.21c-113.742 0-206.285-92.543-206.285-206.285s92.543-206.285 206.285-206.285c113.742 0 206.285 92.543 206.285 206.285s-92.543 206.285-206.285 206.285z",
					"M467.071 524.463c-17.918 0-32.474 14.556-32.474 32.474 0 17.877 14.556 32.433 32.474 32.433s32.474-14.556 32.474-32.433c0-17.918-14.556-32.474-32.474-32.474zM467.071 620.122c-34.893 0-63.226-28.333-63.226-63.185 0-34.893 28.333-63.226 63.226-63.226s63.226 28.333 63.226 63.226c0 34.852-28.333 63.185-63.226 63.185z",
					"M484.85 557.499c-3.936 0-7.832-1.476-10.825-4.469-6.027-5.986-6.068-15.704-0.123-21.731l388.871-391.823c6.027-5.986 15.786-6.068 21.731-0.082 6.068 5.986 6.109 15.745 0.123 21.731l-388.83 391.823c-3.075 3.034-6.97 4.551-10.948 4.551z",
					"M737.755 291.12h136.662v-66.712h54.698v-59.7h64.907v-40.019h-94.716v-89.837h-50.515v64.907h-49.203v51.254h-61.832v140.107zM905.17 321.872h-198.167v-201.611h61.832v-51.254h49.203v-64.907h112.020v89.837h94.716v101.523h-64.907v59.7h-54.698v66.712z",
					"M855.478 306.496h-36.985c50.597 70.771 80.817 157 80.817 250.404 0 238.349-193.902 432.252-432.252 432.252-238.308 0-432.211-193.902-432.211-432.252 0-238.308 193.902-432.211 432.211-432.211 95.619 0 183.693 31.736 255.324 84.507v-37.518c-73.272-48.834-160.854-77.741-255.324-77.741-255.242 0-462.963 207.679-462.963 462.963s207.72 463.004 462.963 463.004c255.324 0 463.004-207.72 463.004-463.004-0-92.379-27.718-178.116-74.584-250.404z"
				],
				"attrs": [
					{},
					{},
					{},
					{},
					{},
					{}
				],
				"width": 1029,
				"isMulticolor": false,
				"isMulticolor2": false,
				"grid": 0,
				"tags": [
					"optimisation"
				],
				"colorPermutations": {
					"255255255194001": [
						{},
						{},
						{},
						{},
						{},
						{}
					]
				}
			},
			"attrs": [
				{},
				{},
				{},
				{},
				{},
				{}
			],
			"properties": {
				"order": 7,
				"id": 4,
				"prevSize": 32,
				"code": 59653,
				"name": "optimisation"
			},
			"setIdx": 0,
			"setId": 0,
			"iconIdx": 5
		},
		{
			"icon": {
				"paths": [
					"M511.989 354.792v280.183",
					"M621.686 541.282l-109.7 111.458-114.809-115.138",
					"M982.801 512c0 260.022-210.776 470.798-470.798 470.798s-470.798-210.776-470.798-470.798c0-260.022 210.776-470.798 470.798-470.798s470.798 210.776 470.798 470.798z"
				],
				"attrs": [
					{
						"fill": "none",
						"strokeLinejoin": "round",
						"strokeLinecap": "round",
						"strokeMiterlimit": "10",
						"strokeWidth": 65.91885831699426
					},
					{
						"fill": "none",
						"strokeLinejoin": "round",
						"strokeLinecap": "round",
						"strokeMiterlimit": "10",
						"strokeWidth": 65.91885831699426
					},
					{
						"fill": "none",
						"strokeLinejoin": "miter",
						"strokeLinecap": "butt",
						"strokeMiterlimit": "10",
						"strokeWidth": 65.91885831699426
					}
				],
				"isMulticolor": false,
				"isMulticolor2": false,
				"grid": 0,
				"tags": [
					"price"
				],
				"colorPermutations": {
					"255255255194001": [
						{
							"s": 0
						},
						{
							"s": 0
						},
						{
							"s": 0
						}
					]
				}
			},
			"attrs": [
				{
					"fill": "none",
					"strokeLinejoin": "round",
					"strokeLinecap": "round",
					"strokeMiterlimit": "10",
					"strokeWidth": 65.91885831699426
				},
				{
					"fill": "none",
					"strokeLinejoin": "round",
					"strokeLinecap": "round",
					"strokeMiterlimit": "10",
					"strokeWidth": 65.91885831699426
				},
				{
					"fill": "none",
					"strokeLinejoin": "miter",
					"strokeLinecap": "butt",
					"strokeMiterlimit": "10",
					"strokeWidth": 65.91885831699426
				}
			],
			"properties": {
				"order": 5,
				"id": 3,
				"prevSize": 32,
				"code": 59654,
				"name": "price"
			},
			"setIdx": 0,
			"setId": 0,
			"iconIdx": 6
		},
		{
			"icon": {
				"paths": [
					"M152.642 788.913c-22.687 51.494-45.374 102.989-68.061 154.483-22.293-52.502-47.594-104.37-68.017-157.265 0-229.134 0-458.268 0-687.402 45.359 0 90.718 0 136.077 0 0 230.062 0 460.123 0 690.185z",
					"M84.599 98.741c0 230.062 0 460.123 0 690.185",
					"M56.404 882.688c18.788 0 37.576 0 56.364 0",
					"M25.379 788.913c39.474 0 78.948 0 118.422 0",
					"M918.157 965.742c-206.566 0-413.131 0-619.697 0 0-236.623 0-473.247 0-709.87 206.566 0 413.131 0 619.697 0 0 236.623 0 473.247 0 709.87z",
					"M831.779 255.876c0 236.623 0 473.247 0 709.87",
					"M919.027 860.619c27.263 0 54.525 0 81.788 0 0-232.46 0-464.92 0-697.379",
					"M368.331 398.106c84.598 0 169.195 0 253.793 0",
					"M368.331 471.049c134.915 0 269.83 0 404.745 0",
					"M368.331 543.987c84.598 0 169.195 0 253.793 0",
					"M368.331 616.92c134.915 0 269.83 0 404.745 0",
					"M368.331 689.858c84.598 0 169.195 0 253.793 0",
					"M344.867 52.904c176.096 0 352.191 0 528.287 0",
					"M983.689 163.24c31.228 7.755 42.403-9.28 27.715-39.293-20.633-75.156-118.233-112.399-183.485-69.501-69.25 38.619-80.828 145.174-20.378 197.040 15.343 9.432 37.040 2.069 55.070 4.4 30.359-6.419-58.134-25.546-53.166-56.615-31.396-60.395 24.919-139.438 92.344-129.307 46.217 3.932 84.417 46.759 81.899 93.276z",
					"M275.112 158.292c-6.962-51.397 49.674-78.091 75.917-98.213 11.642-44.723-43.607-12.516-61.437 0.835-61.929 44.626-62.879 145.804-2.961 192.319 20.215 0 40.43 0 60.646 0-31.155-17.95-75.901-45.918-72.166-94.941z",
					"M935.503 159.488c0.107 68.493-111.633 34.64-73.156-22.37 20.216-32.648 74.662-16.040 73.156 22.37z",
					"M275.112 158.292c25.306 0 50.611 0 75.917 0",
					"M710.974 158.292c25.306 0 50.611 0 75.917 0",
					"M111.876 884.948c-8.68 20.583-17.361 41.166-26.041 61.749-8.695-20.583-17.39-41.166-26.086-61.749 17.376 0 34.751 0 52.127 0z"
				],
				"attrs": [
					{
						"fill": "none",
						"strokeLinejoin": "miter",
						"strokeLinecap": "butt",
						"strokeMiterlimit": "10",
						"strokeWidth": 26.482758620689655
					},
					{
						"fill": "none",
						"strokeLinejoin": "miter",
						"strokeLinecap": "butt",
						"strokeMiterlimit": "10",
						"strokeWidth": 17.655172413793103
					},
					{
						"fill": "none",
						"strokeLinejoin": "miter",
						"strokeLinecap": "butt",
						"strokeMiterlimit": "10",
						"strokeWidth": 17.655172413793103
					},
					{
						"fill": "none",
						"strokeLinejoin": "round",
						"strokeLinecap": "round",
						"strokeMiterlimit": "10",
						"strokeWidth": 26.482758620689655
					},
					{
						"fill": "none",
						"strokeLinejoin": "miter",
						"strokeLinecap": "butt",
						"strokeMiterlimit": "10",
						"strokeWidth": 26.482758620689655
					},
					{
						"fill": "none",
						"strokeLinejoin": "miter",
						"strokeLinecap": "butt",
						"strokeMiterlimit": "10",
						"strokeWidth": 26.482758620689655
					},
					{
						"fill": "none",
						"strokeLinejoin": "miter",
						"strokeLinecap": "butt",
						"strokeMiterlimit": "10",
						"strokeWidth": 26.482758620689655
					},
					{
						"fill": "none",
						"strokeLinejoin": "miter",
						"strokeLinecap": "butt",
						"strokeMiterlimit": "10",
						"strokeWidth": 26.482758620689655
					},
					{
						"fill": "none",
						"strokeLinejoin": "miter",
						"strokeLinecap": "butt",
						"strokeMiterlimit": "10",
						"strokeWidth": 26.482758620689655
					},
					{
						"fill": "none",
						"strokeLinejoin": "miter",
						"strokeLinecap": "butt",
						"strokeMiterlimit": "10",
						"strokeWidth": 26.482758620689655
					},
					{
						"fill": "none",
						"strokeLinejoin": "miter",
						"strokeLinecap": "butt",
						"strokeMiterlimit": "10",
						"strokeWidth": 26.482758620689655
					},
					{
						"fill": "none",
						"strokeLinejoin": "miter",
						"strokeLinecap": "butt",
						"strokeMiterlimit": "10",
						"strokeWidth": 26.482758620689655
					},
					{
						"fill": "none",
						"strokeLinejoin": "round",
						"strokeLinecap": "round",
						"strokeMiterlimit": "10",
						"strokeWidth": 26.482758620689655
					},
					{},
					{},
					{
						"fill": "none",
						"strokeLinejoin": "miter",
						"strokeLinecap": "butt",
						"strokeMiterlimit": "10",
						"strokeWidth": 17.655172413793103
					},
					{
						"fill": "none",
						"strokeLinejoin": "miter",
						"strokeLinecap": "butt",
						"strokeMiterlimit": "10",
						"strokeWidth": 17.655172413793103
					},
					{
						"fill": "none",
						"strokeLinejoin": "miter",
						"strokeLinecap": "butt",
						"strokeMiterlimit": "10",
						"strokeWidth": 17.655172413793103
					},
					{}
				],
				"isMulticolor": false,
				"isMulticolor2": false,
				"grid": 0,
				"tags": [
					"reporting"
				],
				"colorPermutations": {
					"255255255194001": [
						{
							"s": 0
						},
						{
							"s": 0
						},
						{
							"s": 0
						},
						{
							"s": 0
						},
						{
							"s": 0
						},
						{
							"s": 0
						},
						{
							"s": 0
						},
						{
							"s": 0
						},
						{
							"s": 0
						},
						{
							"s": 0
						},
						{
							"s": 0
						},
						{
							"s": 0
						},
						{
							"s": 0
						},
						{},
						{},
						{
							"s": 0
						},
						{
							"s": 0
						},
						{
							"s": 0
						},
						{}
					]
				}
			},
			"attrs": [
				{
					"fill": "none",
					"strokeLinejoin": "miter",
					"strokeLinecap": "butt",
					"strokeMiterlimit": "10",
					"strokeWidth": 26.482758620689655
				},
				{
					"fill": "none",
					"strokeLinejoin": "miter",
					"strokeLinecap": "butt",
					"strokeMiterlimit": "10",
					"strokeWidth": 17.655172413793103
				},
				{
					"fill": "none",
					"strokeLinejoin": "miter",
					"strokeLinecap": "butt",
					"strokeMiterlimit": "10",
					"strokeWidth": 17.655172413793103
				},
				{
					"fill": "none",
					"strokeLinejoin": "round",
					"strokeLinecap": "round",
					"strokeMiterlimit": "10",
					"strokeWidth": 26.482758620689655
				},
				{
					"fill": "none",
					"strokeLinejoin": "miter",
					"strokeLinecap": "butt",
					"strokeMiterlimit": "10",
					"strokeWidth": 26.482758620689655
				},
				{
					"fill": "none",
					"strokeLinejoin": "miter",
					"strokeLinecap": "butt",
					"strokeMiterlimit": "10",
					"strokeWidth": 26.482758620689655
				},
				{
					"fill": "none",
					"strokeLinejoin": "miter",
					"strokeLinecap": "butt",
					"strokeMiterlimit": "10",
					"strokeWidth": 26.482758620689655
				},
				{
					"fill": "none",
					"strokeLinejoin": "miter",
					"strokeLinecap": "butt",
					"strokeMiterlimit": "10",
					"strokeWidth": 26.482758620689655
				},
				{
					"fill": "none",
					"strokeLinejoin": "miter",
					"strokeLinecap": "butt",
					"strokeMiterlimit": "10",
					"strokeWidth": 26.482758620689655
				},
				{
					"fill": "none",
					"strokeLinejoin": "miter",
					"strokeLinecap": "butt",
					"strokeMiterlimit": "10",
					"strokeWidth": 26.482758620689655
				},
				{
					"fill": "none",
					"strokeLinejoin": "miter",
					"strokeLinecap": "butt",
					"strokeMiterlimit": "10",
					"strokeWidth": 26.482758620689655
				},
				{
					"fill": "none",
					"strokeLinejoin": "miter",
					"strokeLinecap": "butt",
					"strokeMiterlimit": "10",
					"strokeWidth": 26.482758620689655
				},
				{
					"fill": "none",
					"strokeLinejoin": "round",
					"strokeLinecap": "round",
					"strokeMiterlimit": "10",
					"strokeWidth": 26.482758620689655
				},
				{},
				{},
				{
					"fill": "none",
					"strokeLinejoin": "miter",
					"strokeLinecap": "butt",
					"strokeMiterlimit": "10",
					"strokeWidth": 17.655172413793103
				},
				{
					"fill": "none",
					"strokeLinejoin": "miter",
					"strokeLinecap": "butt",
					"strokeMiterlimit": "10",
					"strokeWidth": 17.655172413793103
				},
				{
					"fill": "none",
					"strokeLinejoin": "miter",
					"strokeLinecap": "butt",
					"strokeMiterlimit": "10",
					"strokeWidth": 17.655172413793103
				},
				{}
			],
			"properties": {
				"order": 4,
				"id": 2,
				"prevSize": 32,
				"code": 59655,
				"name": "reporting"
			},
			"setIdx": 0,
			"setId": 0,
			"iconIdx": 7
		},
		{
			"icon": {
				"paths": [
					"M615.75 252.808c17.846-13.468 38.518-23.896 60.956-26.524-3.098 13.416-15.83 20.438-26.922 26.542 16.748-4.952 33.080-12.262 50.726-13.47 4.718-0.162 11.436 0.036 13.11 5.51 2.522 6.826-4.376 12.12-9.616 14.964-19.268 9.94-41.524 11.398-61.118 20.582 40.264-3.782 80.458 11.832 110.998 37.6 36.448 30 60.542 73.434 69.328 119.624 32.214 8.644 67.042 2.378 97.276-10.462-15.198 34.43-53.914 50.15-89.282 53.212 29.388 11.092 61.73 12.982 92.792 9.686-24.632 27.284-62.738 37.908-98.552 37.078-14.894 60.866-50.314 115.464-96.268 157.546-89.426 80.962-213.282 119.766-332.958 112.060-115.046-7.022-228.26-63.728-296.22-157.818 5.942 3.476 10.93 8.266 16.602 12.122 52.618 38.068 122.666 50.166 185.224 33.168 37.96-9.794 72.424-31.028 99.958-58.758-17.61 1.19-37.166-1.946-49.934-15.216-7.958-7.58-11.236-20.058-6.446-30.214 5.78-12.822 18.656-20.114 30.83-25.86-39.922 5.708-83.428-12.892-101.832-49.808 13.486-16.082 35.042-21.248 55.068-22.814-23.302-6.79-47.234-15.108-64.9-32.504-14.046-13.164-23.176-31.422-25.914-50.438 16.496-3.080 33.062-6.826 49.97-6.122-38.336-19.954-73.38-57.948-70.318-103.884 72.696 26.524 144.222 56.758 212.522 93.278 23.898 13.128 43.76 32.126 63.298 50.872 18.924-49.142 39.236-98.482 70.012-141.592 16.494-22.672 35.96-43.776 59.876-58.722-0.938 7.432-4.754 13.916-8.266 20.362z"
				],
				"attrs": [
					{}
				],
				"isMulticolor": false,
				"isMulticolor2": false,
				"grid": 0,
				"tags": [
					"twitter"
				],
				"colorPermutations": {
					"255255255194001": [
						{}
					]
				}
			},
			"attrs": [
				{}
			],
			"properties": {
				"order": 3,
				"id": 0,
				"prevSize": 32,
				"code": 59656,
				"name": "twitter"
			},
			"setIdx": 0,
			"setId": 0,
			"iconIdx": 9
		}
	],
	"height": 1024,
	"metadata": {
		"name": "icon"
	},
	"preferences": {
		"showGlyphs": true,
		"showCodes": true,
		"showQuickUse": true,
		"showQuickUse2": true,
		"showSVGs": true,
		"fontPref": {
			"prefix": "icon-",
			"metadata": {
				"fontFamily": "icon",
				"majorVersion": 1,
				"minorVersion": 0
			},
			"metrics": {
				"emSize": 1024,
				"baseline": 6.25,
				"whitespace": 50
			},
			"embed": false,
			"showSelector": false,
			"selector": "i",
			"showMetrics": false,
			"showMetadata": false,
			"showVersion": false
		},
		"imagePref": {
			"prefix": "icon-",
			"png": true,
			"useClassSelector": true,
			"color": 0,
			"bgColor": 16777215,
			"classSelector": ".icon"
		},
		"historySize": 100,
		"gridSize": 16
	}
}